Filename,Label,0次_i0,1次_i0,2次_i0,3次_i0,4次_i0,5次_i0
外力破坏_160601062826.etr-13,外力破坏,37.9039683,303.4208245,10.31102321,6.603915817,5.723180427,4.240230577
外力破坏_160912145036.etr-19,外力破坏,1.997295622,61.81863981,0.118584835,0.262407172,0.071951572,0.093441291
外力破坏_2015年09月13日14时50分34秒.etr-20,外力破坏,0.16529509,26.63634709,0.058657465,0.129179749,0.027647521,0.084840926
外力破坏_2016-03-13@00-46-02.#1A42.etr-5,外力破坏,34.6826567,256.1453926,7.001270724,4.951451938,4.161457764,3.236992976
外力破坏_2016-03-13_00-45-02_ACT_220kV线路故障~.etr-4,外力破坏,34.4971867,271.9381651,7.519718875,4.369290808,4.3843354,3.051065813
外力破坏_2016-03-22@23-19-03.#313.etr-6,外力破坏,1.758224179,28.29974039,0.886636359,0.510261905,0.233865375,0.295701887
外力破坏_2016-03-22@23-21-43.#AF2.etr-7,外力破坏,0.244783847,27.08513196,0.868409031,0.455622459,0.254992637,0.258835565
外力破坏_2016-03-22_23-19-03_ACT_220kV惠秋甲线~.etr-8,外力破坏,1.758224228,28.29974138,0.886636403,0.510262114,0.233864957,0.29570184
外力破坏_2016-10-05_10-51-16_ACT_12597#录波器.etr-26,外力破坏,1.594798006,72.5006966,1.034175613,1.361341711,0.223779077,0.575400242
外力破坏_2016-11-03@15-48-55.#F8AACB.etr-1,外力破坏,3.693995304,73.75772113,1.116901125,0.942777135,1.09083101,0.967302443
外力破坏_20160601080639.etr-12,外力破坏,43.03860405,99.54209176,88.74230661,36.52763489,20.35212138,22.84491047
外力破坏_2016年01月08日02时21分02秒_SSH991.etr-2,外力破坏,74.2443773,1167.280663,19.88515127,9.328350327,18.27636277,7.999719539
外力破坏_2016年03月06日13时59分55秒.etr-3,外力破坏,0.253023857,62.71131821,0.369465778,1.640275707,0.159209019,0.480468718
外力破坏_2016年05月06日10时11分48秒.etr-10,外力破坏,7.157348459,85.98040156,1.354229233,0.799126739,0.645984867,0.663415581
外力破坏_2016年05月06日10时13分52秒.etr-11,外力破坏,5.73640548,66.91866548,1.185799594,0.742307231,0.592647363,0.602736872
外力破坏_2016年06月23日14时50分27秒_SSH088.etr-14,外力破坏,0.317778019,2.143562051,0.030243249,0.032175257,0.016132769,0.019512973
外力破坏_2016年07月20日09时08分05秒.etr-15,外力破坏,22.91721296,158.4529946,2.677743451,1.6255731,1.881301219,1.287877792
外力破坏_2016年07月20日09时26分14秒.etr-16,外力破坏,0.782095263,109.0602474,23.19169801,15.90407398,9.507431925,5.967494968
外力破坏_2016年08月31日07时40分23秒.etr-17,外力破坏,6.020518831,77.9106797,0.665800524,0.469630592,0.31533361,0.324164566
外力破坏_2016年08月31日07时40分23秒.etr-18,外力破坏,5.343373597,74.98970897,0.574142366,0.435819984,0.326332484,0.218274975
外力破坏_2016年09月13日10时26分50秒.etr-22,外力破坏,1.07620587,28.55977544,0.258047393,0.112724135,0.16600285,0.103375187
外力破坏_2016年09月24日14时30分57秒.etr-23,外力破坏,8.944061852,57.08625006,1.870989026,1.131088058,1.061060186,0.766822467
外力破坏_2016年09月24日14时30分57秒.etr-24,外力破坏,8.078860068,53.15970875,1.784235318,1.130541507,1.042109832,0.841374043
外力破坏_2016年10月05日10时47分32秒.etr-25,外力破坏,0.485540096,14.78832289,0.198649261,0.280461556,0.044528988,0.114627087
外力破坏_2017-04-13@08-34-30.#475.etr-37,外力破坏,13.54692554,99.43387339,2.932823137,1.970179097,1.795494344,1.417608201
外力破坏_2017-04-13_08-14-49_sta_SH3998.etr-36,外力破坏,7.53823E+14,1.23215E+14,0.116760312,1.46297E+13,0.083425066,6.03058E+12
外力破坏_2017-04-13_08-34-30_ACT_17987#录波装置.etr-38,外力破坏,13.54692009,99.43382426,2.932824237,1.970178783,1.795491475,1.417605764
外力破坏_2017-05-21@09-15-22.#1015.etr-41,外力破坏,5.43E-05,0.000257285,0.00010978,8.67E-05,0.000456584,0.000231728
外力破坏_2017年03月12日08时42分31秒.etr-32,外力破坏,49.62239967,222.5251139,6.624118375,5.334534953,3.301510065,3.200471407
外力破坏_2017年03月12日08时42分31秒.etr-34,外力破坏,49.62239967,222.5251139,6.624118375,5.334534953,3.301510065,3.200471407
外力破坏_2017年03月12日08时43分38秒.etr-33,外力破坏,9.818889435,44.73998956,1.251414952,1.022971939,0.655210091,0.615593313
外力破坏_2017年03月12日08时43分38秒.etr-35,外力破坏,9.818889435,44.73998956,1.251414952,1.022971939,0.655210091,0.615593313
外力破坏_2017年05月07日14时31分00秒.etr-39,外力破坏,13.06240178,292.4528266,3.034257489,1.553581423,1.632075036,1.232780415
外力破坏_2017年05月21日09时15分18秒.etr-40,外力破坏,1.202531551,106.9569893,0.116509552,0.275748007,0.032818063,0.232511778
外力破坏_220GZLB_RCD_3198_20170113_135143_389_F.etr-28,外力破坏,5.666822705,111.5774276,0.376046585,0.125625046,0.311680197,0.652087642
外力破坏_220GZLB_RCD_3198_20170113_135143_389_F.etr-30,外力破坏,5.666822705,111.5774276,0.376046585,0.125625046,0.311680197,0.652087642
外力破坏_SSH513.etr-21,外力破坏,1.407648907,38.06318483,0.310693094,0.062582067,0.205220896,0.183384625
外力破坏_SSH571.etr-27,外力破坏,2.498101372,77.31214322,0.103106983,0.12620466,0.213274024,0.19793899
外力破坏_SSH571.etr-29,外力破坏,2.498101372,77.31214322,0.103106983,0.12620466,0.213274024,0.19793899
外力破坏_SSH969.etr-31,外力破坏,0.389500398,65.1084501,0.667154285,1.014529221,0.337192253,0.669038973
外力破坏_外力破坏_1_0_12_云浮C厂_20140513云睦乙线_2014年05月13日22时19分54秒.etr-112,外力破坏,0.305896779,13.57902372,0.055342044,0.029025772,0.025991305,0.01675069
外力破坏_外力破坏_1_0_20_睦岗站_20140513云睦乙线_2014年05月13日22时23分21秒.etr-114,外力破坏,0.320719361,9.414140055,0.040538897,0.033831481,0.018219374,0.009488647
外力破坏_外力破坏_1_0_24_雷州站侧_201407182014雷闻乙线_2014年07月18日19时43分28秒.etr-115,外力破坏,2.473153309,49.18839266,0.161508056,0.589936576,0.174095105,0.118701377
外力破坏_外力破坏_1_0_28_雷州站侧_201407181826雷闻甲线_2014年07月18日17时55分10秒.etr-116,外力破坏,3.986049686,41.59155394,0.474766803,0.786454574,0.234821742,0.262045342
外力破坏_外力破坏_1_0_28_雷州站侧_201407181828雷闻甲线（含两次强送）_2014年07月18日17时57分03秒.etr-117,外力破坏,4.057904295,47.16488581,0.60930248,0.937153421,0.293129096,0.310244952
外力破坏_外力破坏_1_4_12_闻涛站侧_201407181826雷闻甲线_2014y07m18d18h26m38s988ms+act.etr-118,外力破坏,11.2016944,107.5486621,1.384295107,0.878038565,0.767273389,0.421708146
外力破坏_外力破坏_1_4_12_闻涛站侧_201407181828雷闻甲线（含两次强送）_2014y07m18d18h28m32s817ms+act.etr-119,外力破坏,13.40449381,130.2104917,1.732875261,1.400007903,1.138022097,0.585727694
外力破坏_外力破坏_2_0_24_20：38雷闻乙线故障录波（强送）_201407182038雷闻乙线强送_2014年07月18日20时01分57秒.etr-121,外力破坏,1155.024572,1180.31095,625.8193957,883.2017477,811.7967611,606.8483995
外力破坏_外力破坏_2_4_16_闻涛站侧_201407182014雷闻乙线_2014y07m18d20h14m57s324ms+act.etr-122,外力破坏,7.435133752,95.26713277,0.98276616,1.713854697,0.173225204,0.711163951
对树木放电_160418113019.etr-67,对树木放电,10.57642776,65.8542353,3.464826005,1.058756481,0.964553918,0.793631468
对树木放电_2015-11-11@15-53-02.#A33ECD.etr-66,对树木放电,7.092729146,128.1457547,3.840354116,0.469739904,1.815903086,0.853213114
对树木放电_2015年11月11日15时47分34秒WYY01.etr-65,对树木放电,2.611615452,60.65216686,1.53921765,0.791364885,0.889612867,0.793215506
对树木放电_2016-07-30_12-21-43_ACT_220kV录波装置.etr-69,对树木放电,0.018122592,1.366265944,0.011187368,0.093460318,0.008521878,0.021745848
对树木放电_2016年04月18日11时30分18秒.etr-68,对树木放电,1.351063984,14.92906819,0.380469012,0.72063083,0.347280908,0.503956638
对树木放电_2017年02月18日11时34分06秒.etr-73,对树木放电,12.14188753,54.05349452,3.910898004,4.810311115,2.138990477,2.217839514
对树木放电_2017年06月03日10时45分28秒.etr-74,对树木放电,0.000927394,0.572291104,0.004806838,0.046385619,0.001940741,0.003091162
对树木放电_2017年06月03日10时46分09秒.etr-75,对树木放电,0.01581705,0.479351136,0.005559585,0.003381582,0.002123543,0.00181374
对树木放电_cpu1@20170218-113329#000#0#0.etr-72,对树木放电,0.515798244,20.2657632,0.553919431,0.692864441,0.205579604,0.296221355
对树木放电_SSH473.etr-70,对树木放电,0.004187471,1.456352282,0.035195746,0.160404841,0.014784519,0.014523202
对树木放电_SSH475.etr-71,对树木放电,6.399318057,81.35728184,9.544211568,5.586225189,8.628450591,8.305465344
对树木放电_对树木放电_1_0_12_柘林电厂_20140720柘苏乙线_2014年07月20日10时56分01秒.etr-1,对树木放电,0.045599112,10.10880451,0.050250044,0.279078777,0.029592229,0.084406404
对树木放电_对树木放电_1_0_16_海港甲线(大港)_20140606海港甲线_SSH519.etr-2,对树木放电,0.002772004,1.217725447,0.059246488,0.21341197,0.043025717,0.061627829
对树木放电_对树木放电_1_0_32_苏南站_20140720柘苏乙线_SSH516.etr-3,对树木放电,0.100019694,8.967537474,0.055583616,0.228947475,0.031064442,0.081156884
对树木放电_对树木放电_1_0_8_国安站侧_20100606国尖乙线_2014年06月06日11时28分47秒.etr-0,对树木放电,0.020115599,0.448789445,0.007383403,0.00627845,0.007333716,0.006361022
对树木放电_对树木放电_2_0_8_尖峰站侧_20100606国尖乙线_2014-06-06_11-28-47_ACT_6163#故障录波装置.etr-4,对树木放电,0.010143852,1.18469442,0.006262628,0.185444901,0.004770329,0.049531748
山火_2016-02-08_19-32-20_sta_SH951.etr-39,山火,2.33319E+14,3.68473E+13,1.69671E+13,1.06384E+13,8.92014E+12,6.71448E+12
山火_2016-03-03@17-15-03.#2342.etr-43,山火,9.463889918,109.4555161,1.681480962,1.223882913,1.047502966,0.619187727
山火_2016-03-03@17-15-03.#2342.etr-47,山火,9.463889918,109.4555161,1.681480962,1.223882913,1.047502966,0.619187727
山火_2016-06-03_20-43-31_act_220kV录波屏(A0307120254).etr-52,山火,0.31913408,3.72741499,0.166224875,0.63124368,0.082641603,0.203248418
山火_2016-07-26_15-09-14_ACT_15241#(950#)录~.etr-54,山火,2.065244476,5.546959225,1.029263678,0.871303153,0.568351156,0.151017008
山火_20160208193220.etr-40,山火,0.054045826,0.066470928,0.027397587,0.007493627,0.033661641,0.009372471
山火_20160304154503.etr-49,山火,76.3576458,285.6786781,257.289963,67.7486515,61.66398644,42.5214894
山火_20160304154507.etr-48,山火,48.69112963,117.8247957,102.6289062,38.6904906,17.84132827,14.66245911
山火_2016年03月03日16时50分38秒.etr-44,山火,3.05297771,32.69268063,0.40782154,0.620486968,0.226641881,0.304854593
山火_2016年03月03日16时50分44秒.etr-45,山火,1.57941951,6.261118707,2.847155191,1.483818506,0.480575496,0.47283639
山火_2016年03月04日15时42分03秒.etr-50,山火,24.45933784,1411.477206,25.14778628,43.28958727,6.721213914,8.221396242
山火_2016年03月04日15时42分08秒.etr-51,山火,34.23753146,1551.580569,34.59853595,52.65740475,4.844301545,12.78409081
山火_2016年06月03日20时30分59秒_SSH735.etr-53,山火,2.325497156,3.788099194,1.592267299,0.408315028,0.222094058,0.061770392
山火_2016年07月30日14时07分06秒.etr-55,山火,0.037652595,19.71710682,0.121811085,1.950882996,0.170756095,0.075294291
山火_2016年07月30日14时07分08秒.etr-56,山火,1.310049365,0.395018377,0.202611586,0.05792765,0.070898809,1.33E-14
山火_2017-01-21_13-41-01_act_220kV录波屏(A0307120254).etr-57,山火,0.649696764,7.079838528,0.516493119,2.051115327,0.288386025,0.150896583
山火_2017-02-17@14-10-13.#65D1.etr-59,山火,0.065731832,2.135462965,0.1538589,0.688864993,0.063494333,0.075313874
山火_2017-05-05@16.58.40.etr-63,山火,0.012101455,1.333708877,0.049449017,0.148634842,0.005647993,0.044614206
山火_20170219.etr-60,山火,13.28807188,21.28182108,9.687118268,0.491164703,1.958751639,0.329677794
山火_2017年02月17日14时10分13秒.etr-58,山火,0.766095686,2.117409703,0.310272858,0.202390724,0.346673641,0.255012505
山火_2017年02月20日14时01分57秒.etr-61,山火,0.695836718,30.39978684,0.15475563,0.249104463,0.067873447,0.082994239
山火_2017年04月04日10时11分03秒.etr-62,山火,1.971046342,9.524256787,0.385066496,0.204160334,0.224493988,0.166600627
山火_山火_1_0_12_宏德站_20141124宏通线_2014-11-24@12-35-50.#DC9B5.CSS.etr-92,山火,0.071384791,3.929018759,0.114303735,0.843311344,0.05926549,0.060407173
山火_山火_1_0_12_砚都侧_20141008砚珠甲线_2014年10月08日11时33分15秒-砚都.etr-94,山火,0.04577564,0.572831773,0.003712671,0.002516483,0.002393279,0.002065017
山火_山火_1_0_12_通济站_20141124宏通线_SSH286.etr-93,山火,1.128592727,2.099459487,0.084195829,0.070509703,0.117942411,0.127844305
山火_山火_1_0_4_珠山侧_20141008砚珠甲线_2014年10月08日11时33分15秒-珠山.etr-90,山火,0.025071149,0.575638743,0.003734423,0.00596181,0.00124383,0.004219256
山火_山火_1_0_8_500kV 桥曲甲线1月31日15时01分27秒_20140131桥曲甲线1月31日15时01分27秒_2014年01月31日15时01分27秒.etr-91,山火,0.244679766,6.301190856,0.053167054,0.064678986,0.014048422,0.024526918
山火_山火_2_0_12_清远局2014年10月18日15时52分－220kV阳旗乙线阳山站侧保护动作情况_20141018阳旗乙线_2014年10月18日15时52分43秒.etr-101,山火,0.052923154,0.604946583,0.021953278,0.015723428,0.019193434,0.011689843
山火_山火_2_0_20_墨珠甲乙线故障录波屏文件_20140121墨珠乙线_SSH939.etr-104,山火,0.191482409,0.13998832,0.009143964,0.021453689,0.01001953,0.016139381
山火_山火_2_0_20_墨珠甲乙线故障录波屏文件_20140121墨珠甲线_SSH939.etr-103,山火,0.086837824,0.197981605,0.004626899,0.020146065,0.00980804,0.012283084
山火_山火_2_0_20_棉湖站侧_20140121厂棉线相间故障_2014年01月21日15时02分51秒.etr-102,山火,0.021366582,0.130143141,0.007095305,0.010700414,0.007093538,0.016890993
山火_山火_2_0_20_贤令山站_20140123山安甲线_2014年01月23日16时20分50秒.etr-105,山火,0.050502129,0.833355815,0.079267538,0.054109884,0.094787172,0.035709143
山火_山火_2_0_24_梅县厂侧_20140121厂棉线相间故障_2014年01月21日15时23分01秒.etr-106,山火,0.393657859,0.847775852,0.50380421,0.358184275,0.198841708,0.084900415
山火_山火_2_0_28_安峰站_20140123山安甲线_SSH793.etr-107,山火,0.837382268,4.552616499,0.419477204,0.238064823,0.173950661,0.117921952
山火_山火_2_0_4_清远局2014年10月18日15时52分－220kV阳旗乙线旗胜站侧保护动作情况_20141018阳旗乙线_2014-10-18_15-52-43_ACT_11350.etr-98,山火,0.022806949,0.606190179,0.02188089,0.017228388,0.012878525,0.007845236
异物_160328114825.etr-10,异物,2.037750158,58.02697409,0.461873394,0.224954002,0.264423843,0.150592992
异物_160502161501.etr-31,异物,0.252228795,7.460211567,0.19020249,0.877452053,0.128447478,0.140155001
异物_160502161501.etr-34,异物,0.252228795,7.460211567,0.19020249,0.877452053,0.128447478,0.140155001
异物_170421132332.etr-88,异物,16.10409055,28.41151946,2.531366592,1.738337718,1.24081438,1.175865265
异物_2015年07月25日12时30分26秒.etr-61,异物,3.646435595,75.92983998,2.882532355,4.213513036,0.680597506,0.873221927
异物_2016-01-15_03-06-54-365_sta_220kV宝能变电站（暂态）.etr-6,异物,0.075479151,0.029004933,0.04313167,0.017927745,0.038249688,0.068195403
异物_2016-01-15_03-06-54_ACT_14162# 220kV 5~.etr-5,异物,319.530078,912.2123933,36.93179064,21.48662541,20.32201077,15.23746213
异物_2016-03-28@11-47-52.#31C.etr-12,异物,4.180634338,97.63716966,0.746989278,0.459913788,0.405388939,0.292559731
异物_2016-03-28_11-47-52_ACT_220kV千秋甲乙~.etr-13,异物,4.180632038,97.63710462,0.746989251,0.459913722,0.405388117,0.292558581
异物_2016-04-18_00-07-25_ACT_541#录波器.etr-15,异物,0.007233646,0.992410728,0.054279093,0.212376664,0.012692722,0.031251998
异物_2016-04-25@13-54-36.#400F63.etr-17,异物,8.590348178,105.7474696,0.544247864,0.52814432,0.371851202,0.324168099
异物_2016-04-25_13-54-36_act_220kV录波屏(A0307120254).etr-18,异物,1.856297967,31.44280013,0.213193573,0.16744267,0.057179059,0.139788661
异物_2016-04-27@14-21-46.#9C3482.etr-19,异物,0.055402251,0.088415845,0.015055428,0.015624215,0.013502309,0.025029384
异物_2016-04-27@19-06-37.#F0FC19.etr-42,异物,0.875269632,9.239228615,0.415701425,0.141616135,0.203992148,0.140940104
异物_2016-05-30@14-39-19.#654F19.etr-45,异物,0.024211429,0.089771571,0.005037736,0.007282172,0.005790287,0.002853444
异物_2016-05-30@14-39-19.#E4C6A9.etr-44,异物,0.001874745,0.002981684,0.001697882,0.00062937,0.001636055,0.00265129
异物_2016-05-30_14-39-19_ACT_16191#录波装置.etr-43,异物,0.002840841,0.021386457,0.003652266,0.001718608,0.001117444,0.001818934
异物_2016-06-04@13-59-28.#6DED48.etr-53,异物,0.01771597,0.305992917,0.019110472,0.016133914,0.006075757,0.023947691
异物_2016-06-04_13-59-28_ACT_6857#故障录波~.etr-52,异物,0.007911982,0.346741468,0.013568491,0.02206106,0.026867155,0.027973859
异物_2016-06-04_15-46-09_act_220kV录波屏(A0307120254).etr-51,异物,0.556773466,4.817874125,0.558400301,0.866630793,0.236895744,0.476872325
异物_2016-06-05@10-52-38.#F0FCCC.etr-56,异物,2.32705708,26.6941427,0.327464192,0.232135726,0.148911902,0.12388948
异物_2016-08-02@01-22-56.#C11.etr-63,异物,4.913656126,2.642631123,0.304184992,0.60474444,0.182538124,0.232562223
异物_2016-08-02@01-25-42.#C3CEE6.etr-65,异物,0.314174014,4.001628671,0.527963246,1.056809822,0.240913497,0.141253788
异物_2016-08-02@01-36-59.#C14.etr-66,异物,4.336358544,2.887025441,0.114612571,0.774325307,0.032735235,0.163569517
异物_2016-08-02@01-39-44.#C3CEEA.etr-68,异物,0.027810887,4.205889338,0.178442595,1.057921588,0.086091536,0.260227032
异物_2016-08-02_00-56-52_ACT_220kV故障录波装置.etr-70,异物,19.38769957,212.7262596,2.792879741,1.024380788,1.334962994,0.880419982
异物_2016-08-23@12-49-15.#FD7.etr-71,异物,0.311220941,7.4237311,0.567305794,1.364011807,0.15608558,0.378942151
异物_2016-08-23_12-49-15_ACT_12597#录波器.etr-72,异物,0.311220929,7.42373279,0.567305784,1.364011604,0.156085507,0.378942503
异物_2016-09-13_12-24-56_ACT_14235#录波装置.etr-73,异物,0.11390232,1.692601756,0.147201632,0.368272622,0.042948099,0.017978302
异物_2016-09-13_12-24-56_act_220kV录波屏(A0307120254).etr-74,异物,0.121337745,2.101119984,0.210369226,0.648722101,0.135069576,0.138864458
异物_2016-09-14@22-44-10.#C01712.etr-75,异物,0.004384669,0.01731722,0.007299631,0.004766631,0.007299631,0.010539432
异物_2016-09-14@22-44-10.#C01712.etr-76,异物,0.004384669,0.01731722,0.007299631,0.004766631,0.007299631,0.010539432
异物_2016年02月28日15时16分41秒.etr-7,异物,0.129484242,5.654524408,1.877187688,1.618444861,1.432924887,0.755805851
异物_2016年02月28日15时16分41秒.etr-8,异物,0.094654124,3.432626992,0.247234427,0.496417509,0.143302742,0.15671678
异物_2016年03月06日14时02分02秒.etr-9,异物,14.19400427,144.6035929,2.683123188,2.95877538,1.707077184,1.646214836
异物_2016年04月17日00时08分25秒.etr-16,异物,0.015503064,0.586737508,0.016716044,0.106100256,0.0031695,0.027775552
异物_2016年04月18日00时07分25秒.etr-14,异物,0.005839885,1.011573063,0.054878646,0.214681585,0.011631907,0.032786204
异物_2016年04月27日10时52分49秒.etr-25,异物,0.024426463,0.653860632,0.004706707,0.001610552,0.001645823,0.002685579
异物_2016年04月27日10时52分49秒.etr-27,异物,0.024426463,0.653860632,0.004706707,0.001610552,0.001645823,0.002685579
异物_2016年04月27日10时52分49秒.etr-29,异物,0.024426463,0.653860632,0.004706707,0.001610552,0.001645823,0.002685579
异物_2016年04月27日11时02分23秒.etr-26,异物,0.011216556,0.650708152,0.007860458,0.004275617,0.001417781,0.001866245
异物_2016年04月27日11时02分23秒.etr-28,异物,0.011216556,0.650708152,0.007860458,0.004275617,0.001417781,0.001866245
异物_2016年04月27日11时02分23秒.etr-30,异物,0.011216556,0.650708152,0.007860458,0.004275617,0.001417781,0.001866245
异物_2016年04月27日14时21分44秒.etr-20,异物,0.052140989,1.582580897,0.006113916,0.11955978,0.0160058,0.010533223
异物_2016年04月27日19时05分37秒.etr-41,异物,2.374641704,41.98712755,1.658204872,0.794411561,0.742431066,0.475355935
异物_2016年05月04日10时38分59秒.etr-38,异物,0.014219531,0.903845044,0.008330518,0.010817497,0.005555189,0.012926955
异物_2016年05月04日10时39分06秒.etr-37,异物,0.047514005,0.307371173,0.00359406,0.00144876,0.001126843,0.002682855
异物_2016年06月04日15时33分32秒_SSH740.etr-50,异物,2.145713943,5.746055766,2.648307558,0.543357945,0.398049828,0.191392539
异物_2016年06月05日10时50分37秒.etr-55,异物,3.258266661,33.98402708,0.362679481,0.257313102,0.145947085,0.204379874
异物_2016年06月07日11时10分46秒.etr-58,异物,0.011088383,0.098192034,0.008483793,0.002913855,0.002022595,0.005509862
异物_2016年06月07日11时10分57秒.etr-57,异物,0.023284561,0.149163669,0.104853881,0.043392306,0.02842136,0.019760358
异物_2016年07月08日13时16分33秒.etr-0,异物,6.026922955,50.23166261,2.653914115,0.834411331,1.140155777,0.884523587
异物_2016年07月08日13时16分33秒.etr-1,异物,6.026922955,50.23166261,2.653914115,0.834411331,1.140155777,0.884523587
异物_2016年07月08日13时17分50秒.etr-2,异物,0.260228199,3.470139683,0.167646798,0.066962454,0.067221718,0.06297635
异物_2016年07月08日13时17分50秒.etr-3,异物,0.260228199,3.470139683,0.167646798,0.066962454,0.067221718,0.06297635
异物_2016年07月09日12时11分45秒.etr-4,异物,0.762085751,16.88585081,1.541731531,3.264399922,0.546419026,1.507343824
异物_2016年07月24日12时30分25秒.etr-62,异物,1.238997153,23.52326463,0.918325062,1.304690995,0.300183838,0.409335012
异物_2016年08月02日00时56分52秒.etr-69,异物,69.23611226,722.3824595,7.4353611,6.28018592,4.552327704,4.287519153
异物_2016年11月19日07时15分55秒.etr-78,异物,5.063369482,77.7825685,1.027430982,0.955501112,0.594709574,0.738009661
异物_2016年12月16日19时05分09秒_SSH530.etr-80,异物,0.090592155,2.210468175,0.071348384,0.017910274,0.034951486,0.032187868
异物_2016年12月16日19时26分59秒.etr-81,异物,0.852822414,29.1565508,0.973547397,0.617370815,0.490376947,0.359361817
异物_2017-04-07_03-49-00_ACT_8353#.etr-85,异物,11.13961949,53.49419677,1.40583074,0.887228329,0.577883784,0.507620599
异物_2017-04-21@13-23-31.#2B5.etr-89,异物,4.416234901,8.241993761,0.549894991,0.469832398,0.29664573,0.27690051
异物_2017-04-21_13-23-31_ACT_220kV Ⅰ、Ⅱ母~.etr-90,异物,4.416232227,8.241988956,0.549894079,0.469831736,0.296646086,0.27690017
异物_2017年02月19日00时18分23秒.etr-82,异物,25.31954032,684.157589,11.32927492,6.243858053,5.851749756,3.167100744
异物_2017年02月19日00时18分23秒.etr-83,异物,30.00107498,817.3918138,13.75651814,7.894701822,6.773661642,3.910423945
异物_2017年02月19日00时18分23秒_SSH377.etr-84,异物,101.808763,2246.910406,38.11326499,16.07964086,20.44631964,16.48578753
异物_2017年04月13日15时22分21秒.etr-93,异物,1.911917437,13.00746984,1.637594533,1.151852351,0.681979431,0.182134203
异物_2017年04月16日15时07分25秒.etr-87,异物,2.020890823,213.1149803,4.762807239,13.19217743,2.339839229,5.631727678
异物_2017年04月26日03时32分48秒.etr-91,异物,1.069469472,13.4423394,0.260224671,0.198344412,0.147413632,0.098574826
异物_2017年04月26日03时47分30秒.etr-92,异物,3.756194227,39.83574569,0.692056572,0.564790939,0.404379454,0.302064023
异物_2017年05月08日11时17分21秒.etr-94,异物,1.072515101,8.058370525,1.104903634,0.592180909,0.387618907,0.243101375
异物_2017年05月14日10时36分40秒.etr-95,异物,0.034110356,0.162854309,0.010218469,0.006336248,0.006508728,0.009517686
异物_2017年05月30日05时10分08秒.etr-100,异物,1.261863759,24.50206135,0.181646957,0.239156927,0.084545073,0.070088394
异物_2017年05月30日05时10分08秒.etr-99,异物,6.032787958,107.2002501,0.880094224,1.230325342,0.450366704,0.573413179
异物_2017年06月24日14时31分08秒.etr-98,异物,0.176411855,6.127005656,0.027453465,0.035529443,0.029035436,0.022740598
异物_220kV录波器2016-06-04-14_33_11-000-00089-00724.etr-47,异物,0.027604587,0.014275355,0.007284324,0.017492866,0.001627757,0.010801347
异物_SSH664.etr-33,异物,0.810418157,20.65139194,1.548934159,1.532060278,0.305939703,0.453639406
异物_SSH664.etr-36,异物,0.810418157,20.65139194,1.548934159,1.532060278,0.305939703,0.453639406
异物_SSH774.etr-97,异物,0.311336484,13.32936951,0.129539937,0.021967776,0.048866034,0.043525792
异物_异物_0_0_4_同益站_20140812外同甲线_DGL509.etr-123,异物,0.673047962,7.601994013,0.284279875,0.080126556,0.137831694,0.120380507
异物_异物_0_0_8_饶平站潮饶录波_20140801潮饶线_140801153653.etr-124,异物,0.612094634,8.810201506,0.041279451,0.052532371,0.032397466,0.023842224
异物_异物_1_0_12_2014.11.26桂海线继电保护动作情况表_20141126桂海线_2014年11月26日05时31分03秒.etr-142,异物,1.184907008,85.9254943,0.427181977,0.754592428,0.331225691,0.302440489
异物_异物_1_0_16_仁和站_20140920仁小乙线_2014-09-20_00-42-31_act_fh-3000S.etr-144,异物,12.40698356,81.99269423,2.255665794,1.439628888,1.180357202,0.875023137
异物_异物_1_0_16_饶平站_20140817潮饶线_140817170546.etr-143,异物,1.247075867,13.08725056,0.26089146,0.148125565,0.125613215,0.096103713
异物_异物_1_0_20_500kV罗洞站_20140504罗丹乙线_2014年05月04日14时16分15秒.etr-145,异物,0.253225245,16.19230251,0.056974292,0.013457924,0.019487723,0.012176368
异物_异物_1_0_20_小榄站_20140920仁小乙线_2014年09月20日00时33分30秒.etr-146,异物,51.98659628,341.1716116,8.607868361,6.27921167,4.161892125,3.672164542
异物_异物_1_0_4_旺新站_20140917罗旺线_2010年09月17日12时34分04秒.etr-131,异物,5.411766501,46.52442929,0.609568655,0.407352366,0.354752609,0.295405323
异物_异物_1_0_4_潮州站_20140817潮饶线_140817170235.etr-126,异物,6.247860269,53.25333052,0.977137662,0.702381464,0.478647784,0.390526447
异物_异物_1_0_4_潮州站潮饶故障录波_20140801潮饶线_140801153339.etr-127,异物,3.906908327,36.17493479,0.266967075,0.292897335,0.166905864,0.12066231
异物_异物_1_0_8_塔岭站_20140814热塔线_2014年08月14日13时06分42秒_SSH710.etr-140,异物,0.447682693,3.681297776,0.115486783,0.910015333,0.09260557,0.099851807
异物_异物_1_0_8_外海站_20140812外同甲线_140812071824.etr-141,异物,4.191850234,51.21399704,1.765731339,0.871402719,0.851345261,0.561909837
异物_异物_1_0_8_汕头站侧继电保护情况_20141107汕阳线（11点02分）_2014年11月07日11时02分45秒.etr-139,异物,4.543943946,192.8063107,3.525860006,6.653403237,1.905413237,2.731626519
异物_异物_1_0_8_潮阳站侧继电保护动作情况_20141107汕阳线（11点02分）_2014-11-07@11-03-46.#481.etr-133,异物,1.297264048,52.39475084,0.915989666,1.476544651,0.483159333,0.652674939
异物_异物_1_0_8_热水站_20140814热塔线_2014-08-14_13-06-42_act_220kV录波屏(A0307120254).etr-138,异物,0.042286938,7.233086286,0.255211502,1.909476972,0.26012918,0.222486478
异物_异物_1_16_8_祯州侧故障录波及保护动作报告_20141027胪祯甲线_500kV第五六串故障录波器2014-10-27-23_43_13-699-00032-05971.etr-147,异物,17.5693836,126.1250356,2.167471829,0.965631356,0.796764586,0.258673301
异物_异物_1_32_28_220kV丹桂站_20140504罗丹乙线_2014年05月04日14时18分13秒.etr-148,异物,0.016484085,17.38228394,0.04838437,0.057575834,0.012610146,0.013505244
异物_异物_1_48_20_祯侧_20141027胪祯乙线_2014-10-27@23-43-13.#108D0.etr-149,异物,15.4144418,112.9157032,1.906313886,0.805680972,0.747841576,0.23051927
异物_异物_2_0_8_汕头站侧继电保护动作情况_20141107汕阳线（11点10分）_2014年11月07日11时10分08秒.etr-152,异物,0.033712767,0.424018054,0.031151575,0.04541451,0.048077783,0.04290269
异物_异物_2_0_8_潮阳站侧继电保护动作情况_20141107汕阳线（11点10分）_2014-11-07@11-11-09.#482.etr-150,异物,0.031362629,0.872297037,0.017532243,0.047071915,0.033213557,0.022176085
异物_异物_2_0_8_胪岗侧_20141027胪祯乙线_141027234314.etr-151,异物,0.909194345,8.687887236,0.050950427,0.175332201,0.246908917,0.723222205
异物_异物_3_0_8_茅湖站侧_20140811惠茅乙线_2014年08月11日13时51分57秒.etr-153,异物,0.023885822,1.937466175,0.063508606,0.268638798,0.015777311,0.068773288
异物_昆旋线保护CSC161A2016-06-04-14_41_22-961-00034-00193.etr-48,异物,4.450204017,33.23444771,0.910862644,0.596667772,0.337492878,0.394550844
异物_昆旋线保护CSC161A2016-06-04-14_43_23-094-00034-00194.etr-49,异物,15.30685808,107.0828482,3.555346476,2.09987607,1.811831963,1.731230235
异物_隆小线录波文件2017年04月16日15时08分25秒.etr-86,异物,2.459036835,137.0187856,2.775602339,7.701221271,1.238674608,2.846489024
雷击_雷击_1_0_12_新会站_20140509能新线_2014年05月09日18时04分37秒.etr-15,雷击,15.6845292,51.3934745,2.639302846,1.56914863,1.163390936,0.967729333
雷击_雷击_1_0_12_能达站_20140509能新线_2014年05月09日18时11分04秒.etr-13,雷击,7.278765047,22.31567224,1.143755176,0.802885004,0.636589295,0.49953996
雷击_雷击_1_0_16_乐园_20140510桂乐甲线_SSH158.etr-16,雷击,27.38751094,67.5285115,4.067807987,2.613813791,1.881370865,1.688808058
雷击_雷击_1_0_24_国安站侧_20140509国珠甲线_2014年05月09日11时32分26秒.etr-19,雷击,6.873705615,40.6756842,0.983991958,0.723754178,0.530077734,0.386673667
雷击_雷击_1_0_24_群星站_20140511群北乙线_2014年05月11日12时41分57秒.etr-21,雷击,105.8022424,280.6014387,15.17063366,9.2668478,6.921323266,4.634895267
雷击_雷击_1_0_24_联禾站_20140509源联乙线_SSH889.etr-20,雷击,2.263246709,28.93910144,0.37714065,0.134389249,0.188808497,0.169808075
雷击_雷击_1_0_24_蝶岭站_20140509蝶坝线_2014年05月09日19时08分12秒.etr-18,雷击,45.66235852,235.2328586,7.515518227,4.846072748,4.458878692,3.661886705
雷击_雷击_1_0_28_桂山_20140510桂乐甲线_2014年05月11日08时38分36秒.etr-24,雷击,9.25406817,31.00487371,1.461974044,1.023757657,0.848693774,0.620086551
雷击_雷击_1_0_32_珠海站侧_20140509国珠甲线_SSH476.etr-26,雷击,2.024939972,12.21647539,0.268703308,0.18089563,0.130783222,0.093222829
雷击_雷击_1_0_4_220kV旗尾站_20140521阳旗乙线_2014-05-21_16-10-46_ACT_11350.etr-7,雷击,2.009318997,9.592414204,0.456676612,0.275423837,0.251487805,0.20376513
雷击_雷击_1_0_4_220kV端州站_20140520砚端甲线_2014年05月20日13时41分33秒.etr-6,雷击,9.414235672,81.23857881,1.236029343,0.513452776,0.820801122,0.601794274
雷击_雷击_1_0_4_500kV曲江站侧_20140507桥曲乙线_2014年05月07日19时35分36秒.etr-8,雷击,1.431131837,7.159546084,0.316507613,0.149373411,0.176628361,0.149626557
雷击_雷击_1_0_6_广蓄B厂_20140521蓄增甲线_2014年05月21日09时15分03秒.etr-9,雷击,6.422365408,71.92308616,1.954106808,2.525226853,1.262129085,0.231414178
雷击_雷击_1_0_8_惠州侧_20140516东惠乙线_2014-05-16@12-02-58.#221.etr-12,雷击,7.694558771,44.74071583,0.737959671,0.50308769,0.348417836,0.32423266
雷击_雷击_1_0_8_桂山站_20140518桂乐乙线_2014年05月18日10时59分15秒.etr-11,雷击,12.54763477,35.49086655,1.953186596,1.1949501,0.955148833,0.805371855
雷击_雷击_1_0_8_福园站_20140516福鹿乙线_2014-05-16@14-30-04.#30FB.etr-10,雷击,11.23524713,36.11800142,1.392825954,0.93512439,0.804369844,0.618030266
雷击_雷击_1_12_24_曙光站_20140517曙河乙线_广东茂名曙光变220KV线路_2014年05月17日17时50分36秒136毫秒_comtrade.etr-40,雷击,62.31033693,137.4005393,7.349855242,4.638409175,3.548635707,2.989020791
雷击_雷击_1_16_12_220kV阳山站_20140521阳旗乙线_2014年05月21日16时10分47秒.etr-43,雷击,1.902897776,8.659859183,0.469091759,0.29909668,0.217507852,0.192818618
雷击_雷击_1_16_12_桂竹站_20140505茅桂乙线_2014年05月05日04时16分17秒.etr-44,雷击,0.030598222,56.3921278,4.650768704,3.098594966,1.378425003,0.558530798
雷击_雷击_1_16_12_珠山站_20140517云珠线_2014年05月17日17时54分04秒.etr-46,雷击,2.979687828,29.94393628,0.588896429,0.267350483,0.368510469,0.278082683
雷击_雷击_1_16_12_茅湖站_20140505茅桂乙线_2014年05月05日04时16分17秒.etr-45,雷击,2.523505967,44.05933994,0.215010859,0.206675759,0.09485989,0.033066742
雷击_雷击_1_16_20_500kV砚都站_20140520砚端甲线_2014年05月20日13时41分34秒.etr-47,雷击,30.81656108,255.3754112,4.041700834,1.776872958,2.811343345,2.020397041
雷击_雷击_1_16_24_220kV旗尾站_20140523阳旗甲线_2014-05-23_14-57-07_ACT_11349#故障录波~.etr-48,雷击,4.157930527,19.17819136,1.542565717,0.945826271,0.84743387,0.730614876
雷击_雷击_1_16_24_云浮A厂_20140517云珠线_2014年05月17日17时54分17秒.etr-51,雷击,14.66139394,94.25874025,2.693067827,1.876542736,1.906307294,1.519787597
雷击_雷击_1_16_24_增城站_20140521蓄增甲线_2014年05月21日09时06分30秒.etr-52,雷击,12.310789,135.1149204,3.911314229,4.739512068,2.369244972,0.864169325
雷击_雷击_1_16_24_河东站_20140517曙河乙线_2014年05月16日23时14分36秒.etr-50,雷击,10.84506104,35.8009033,1.842960674,1.138168423,0.870568589,0.755350414
雷击_雷击_1_16_24_白玉站_20140520莆白甲线_2014年05月20日04时03分17秒.etr-49,雷击,51.68199346,100.9885268,6.369829212,3.662752389,2.79963099,2.413943876
雷击_雷击_1_16_28_立新站_20140522跃新乙线_2014-05-22@16-32-01.#6BF922.etr-53,雷击,7.397831425,44.20654758,0.936349228,0.631788743,0.604071677,0.457051313
雷击_雷击_1_16_28_镇隆站_20140520镇荣乙线_2014年05月20日12时29分51秒.etr-55,雷击,26.34267216,91.47559472,3.850015141,2.559623734,2.206377846,1.784786947
雷击_雷击_1_16_28_鹿江站_20140516福鹿乙线_2014年05月16日14时30分04秒.etr-54,雷击,8.579417468,27.29816167,1.287663807,0.771715043,0.645230724,0.498274024
雷击_雷击_1_16_8_莆心站_20140520莆白甲线_2014-05-20_04-01-23_ACT_8353#.etr-41,雷击,12.44685591,25.27161123,1.438524796,0.895159721,0.681024758,0.576259266
雷击_雷击_1_20_40_北_20140511北花甲线2_140511150403.etr-56,雷击,20.04107315,35.73868632,2.559448681,2.151954052,1.053615029,1.064513968
雷击_雷击_1_20_60_花_20140511北花甲线2_140511150750.etr-57,雷击,20.11303907,35.58330699,2.520496226,2.153954518,1.047891728,1.084041901
雷击_雷击_1_28_8_增城站_20140517蓄增乙线_2014-05-17@17-44-25.#BDA.etr-58,雷击,17.63988027,54.69989911,2.564974811,2.289579321,1.189337814,1.294925803
雷击_雷击_1_32_12_源和电厂_20140509源联乙线_2014年05月09日13时15分53秒.etr-59,雷击,0.021423798,0.081676741,0.014651064,0.020318107,0.006827015,0.004761216
雷击_雷击_1_32_20_霞涌电厂_20140517霞联甲线_A_20140517012904.etr-60,雷击,16.07274502,102.1474424,1.152118035,0.799572903,0.690849345,0.566783657
雷击_雷击_1_3_10_500kV广蓄B厂侧_20140517蓄增乙线_2014年05月17日17时54分34秒.etr-28,雷击,128.6067151,301.8132482,18.16167468,15.47413755,7.02261126,7.694578321
雷击_雷击_1_49_20_500kV祯州站_20140520祯宝甲线_2014-05-20@13-31-15.#2419.etr-61,雷击,4.677676432,15.5759835,0.56439778,0.255635238,0.276375515,0.210537404
雷击_雷击_1_4_0_坝基站_20140509蝶坝线_蝶坝线录波.etr-29,雷击,3.598242237,14.93141541,0.551479827,0.384123653,0.286337523,0.261304002
雷击_雷击_1_4_12_乐园站_20140518桂乐乙线_SSH167.etr-31,雷击,27.894663,59.3162417,3.350931741,2.060918106,1.543763317,1.334000647
雷击_雷击_1_4_12_封开站侧_20140517建封线_140517171447.etr-30,雷击,4.725833228,68.6778278,0.898725283,0.51891247,0.475393263,0.412395589
雷击_雷击_1_4_24_联丰站_20140517霞联甲线_2014y05m17d01h29m04s456ms+act.etr-32,雷击,1.9370999,18.7383904,0.233774382,0.153319371,0.140943958,0.114219975
雷击_雷击_1_4_28_建云站侧_20140517建封线_SSH491.etr-33,雷击,0.802254308,44.75777099,0.607283621,0.196848919,0.31833671,0.328587163
雷击_雷击_1_4_28_通济站侧_20140517通苗乙线_SSH321.etr-34,雷击,1.519023907,9.363934656,0.231319244,0.187114654,0.127962113,0.100365156
雷击_雷击_1_4_32_220kV浩源站侧_20140519浩大乙线_SSH899.etr-35,雷击,115.1724433,957.2881284,17.05415528,8.904552938,9.108432613,8.973337504
雷击_雷击_1_4_32_跃立站_20140522跃新乙线_140522163202.etr-36,雷击,4.51832347,18.93985287,0.25799924,0.279699263,0.2750397,0.216770967
雷击_雷击_1_4_44_荣田站_20140520镇荣乙线_140520123000.etr-37,雷击,70.22611755,268.2469872,7.97740195,4.491033856,3.733999972,3.160979343
雷击_雷击_1_6_36_东莞侧_20140516东惠乙线_2014年05月16日12时04分54秒_SSH703.etr-38,雷击,5.042778164,40.66937726,0.604723877,0.457663364,0.284150674,0.218374636
雷击_雷击_1_6_60_500kV顺德站_20140515换顺甲线_2014年05月15日14时53分01秒.etr-39,雷击,0.195592589,18.74554615,0.206157379,0.350472184,0.132251012,0.288416422
雷击_雷击_2_0_24_英德站侧_20140516库英线_2014年05月16日23时47分54秒.etr-67,雷击,1.804708932,14.14331343,0.332699643,0.16874442,0.137862228,0.120488257
雷击_雷击_2_0_28_库湾站侧_20140516库英线_2014-05-16@23-47-54.#80E187.etr-68,雷击,1.577756125,12.56684587,0.36552371,0.151128187,0.131582599,0.139275415
雷击_雷击_2_0_4_220kV旗尾站_20140523阳旗乙线_2014-05-23_14-57-07_ACT_11350.etr-62,雷击,3.317219406,18.48533397,1.240192943,0.845418093,0.734128475,0.553854184
雷击_雷击_2_0_8_220kV阳山站_20140523阳旗甲线_2014年05月23日14时57分08秒.etr-64,雷击,0.321361409,2.707170463,0.153287071,0.094862759,0.078813801,0.074714987
雷击_雷击_2_0_8_外海站220KV_20140511峰外甲线_140511114637.etr-66,雷击,1.630516788,24.08655022,0.276029233,0.105939811,0.051914907,0.078667282
雷击_雷击_2_12_8_莞城站_20140517莞垅乙线_2014-05-17_00-10-34_ACT_220kV线路故障~.etr-71,雷击,22.51169139,739.9205166,12.52687185,14.06383275,4.334862969,0.648778694
雷击_雷击_2_16_12_220kV阳山站_20140523阳旗乙线_2014年05月23日14时57分08秒.etr-73,雷击,0.317441895,2.936238776,0.152329189,0.10480256,0.084122695,0.071970823
雷击_雷击_2_16_20_220kV贤令山站_20140522山回甲线_2014年05月22日07时34分22秒.etr-74,雷击,0.147635171,13.34067448,0.049400487,0.055630261,0.030777472,0.027400779
雷击_雷击_2_16_4_腰鼓湾站_20140508唐腰线_2014年05月08日22时56分12秒.etr-72,雷击,8.094735452,68.12552063,1.636397187,1.101921588,1.047170283,0.736404854
雷击_雷击_2_32_52_霞涌电厂_20140517霞联乙线_A_20140517014244.etr-77,雷击,21.86398888,72.73379717,4.705961221,2.964313866,2.508041469,1.978869839
雷击_雷击_2_4_28_联丰站_20140517霞联乙线_2014y05m17d01h42m44s298ms+act.etr-70,雷击,9.871199098,33.67004065,2.315893085,1.468853038,1.252199197,0.966832002
风偏_160406110947.etr-7,风偏,3.872549573,8.021068077,0.103720265,0.096494867,0.034817846,0.022376668
风偏_2016-10-21@10-03-15.#13.etr-1,风偏,18.29262932,161.1982271,3.420335613,2.499773633,1.882164381,1.508678351
风偏_2016-10-21@10-52-40.#15.etr-2,风偏,0.757467391,116.6568767,0.404050624,0.377169533,0.259966012,0.282292206
风偏_2016-10-21@11-50-25.#1B.etr-3,风偏,0.336169553,93.4464536,0.279338924,0.409176186,0.264889146,0.213338605
风偏_2016-10-21@12-34-36.#91.etr-4,风偏,2.56366469,44.20502802,0.473457616,0.456150013,0.290105336,0.236718588
风偏_2016-10-21@12-52-29.#99.etr-5,风偏,11.06141815,70.24586735,1.900056759,1.335200697,1.050908793,0.748875557
风偏_2016年08月02日01时06分59秒.etr-8,风偏,130.4866243,2033.579925,22.13478415,12.68015745,11.45259303,8.839914037
鸟害_160405072106.etr-27,鸟害,2.557937025,29.21621434,0.45240037,0.296394834,0.228725848,0.175611344
鸟害_170303065032.etr-33,鸟害,0.55403203,27.63337267,0.022585056,0.109547599,0.049516743,0.031661041
鸟害_170509233209.etr-36,鸟害,2.449963171,9.617731117,0.710351012,0.637668739,0.511261085,0.388904009
鸟害_170613110234.etr-37,鸟害,0.05520947,24.84909712,0.164178926,0.068627125,0.078447427,0.0985467
鸟害_2015-06-11@11-34-07.#96D11.etr-9,鸟害,0.204863378,2.321359554,0.354534169,0.461222662,0.07878912,0.046584249
鸟害_2015-07-13@14-29-37.#1D34.etr-13,鸟害,0.094728645,2.747147813,0.151756383,0.659285041,0.076442041,0.0624485
鸟害_2015年06月18日10时33分01秒.etr-11,鸟害,0.00424863,8.162079331,0.212033479,0.250944383,0.070696074,0.146360817
鸟害_2015年07月13日11时25分11秒.etr-15,鸟害,0.012910824,0.438452892,0.006719877,0.091873744,0.00245563,0.00912914
鸟害_2015年07月13日11时25分13秒.etr-16,鸟害,0.261802934,0.483340461,0.252342044,0.043510981,0.034879333,0.021984286
鸟害_2015年07月13日12时53分04秒.etr-14,鸟害,0.078249483,4.408384928,0.030387337,0.04580953,0.011010566,0.006803807
鸟害_2015年07月13日12时53分04秒.etr-17,鸟害,0.000748593,0.984230815,0.006238776,0.014269954,0.001327827,3.00E-08
鸟害_2015年07月13日14时10分53秒.etr-12,鸟害,0.022534135,1.788804253,0.162857106,0.424664367,0.07364953,0.097188026
鸟害_2015年08月06日11时42分13秒.etr-18,鸟害,4.909995376,162.3761184,9.250812229,23.57697215,6.682312222,3.412299258
鸟害_2015年11月18日11时05分52秒.etr-23,鸟害,5.078579423,29.74777763,0.833147713,0.537497172,0.496165474,0.345374241
鸟害_2016-03-01_15-40-14_sta_SH951.etr-25,鸟害,5.12737E+15,9.11093E+13,4.19532E+13,2.63046E+13,2.20561E+13,1.66024E+13
鸟害_2016-07-30_14-34-54_act_SH958.etr-32,鸟害,2.64593E+15,0.10335778,0.228102808,0.694559828,0.247855507,2.510088923
鸟害_2016年03月01日15时40分14秒.etr-24,鸟害,20.72579261,214.5753916,6.435142434,7.596813935,3.255694471,4.446879006
鸟害_2016年04月05日07时21分13秒.etr-26,鸟害,1.011111473,10.72588952,0.156061962,0.115893828,0.083275753,0.066723123
鸟害_2016年04月13日12时57分59秒.etr-28,鸟害,38.17827383,212.4203041,4.71317822,3.188877623,2.332754284,1.930185907
鸟害_2016年04月18日13时49分16秒.etr-29,鸟害,1.081110636,11.4816885,2.407867882,2.096289071,0.511247037,0.823003193
鸟害_2016年04月18日14时12分53秒.etr-30,鸟害,0.904986095,134.4402087,1.853561393,23.34986592,3.784335324,5.04987976
鸟害_2016年04月26日02时37分47秒.etr-31,鸟害,1.670564707,15.68268415,0.194533097,0.167030606,0.106529,0.096330692
鸟害_2017-03-03@06-50-31.#38AC.etr-34,鸟害,0.175498451,17.7464378,0.113245634,0.156348863,0.057007216,0.047818655
鸟害_2017-05-09@23-32-08.#391E.etr-35,鸟害,16.93556495,67.90952039,1.743717104,1.21908982,0.923752079,0.687328574
鸟害_2017-06-13_11-07-24_ACT_18832#录波装置.etr-38,鸟害,0.028592388,8.65418765,0.050193182,0.020435737,0.023633403,0.026107345
鸟害_220kV故障录波器I（ZH-3）cpu1@20150806-114213#245#0#0.etr-19,鸟害,4.909995376,162.3761184,9.250812229,23.57697215,6.682312222,3.412299258
鸟害_220k线路录波器（YS-900A）2015-08-17-10_38_54-000-00182-00339.etr-22,鸟害,0.161400538,3.597870411,0.079057087,0.539152622,0.062077297,0.090030418
鸟害_SSH920.etr-10,鸟害,0.624276349,8.654857515,0.551951902,1.631171036,0.151825687,0.238344567
鸟害_广东茂名曙光变220KV线路_2015年08月17日10时38分54秒307毫秒_comtrade.etr-21,鸟害,0.038844912,0.557637848,0.016053783,0.007450664,0.002953776,0.002746222
